udi,product_id,type,air_temperature_k,process_temperature_k,rotational_speed_rpm,torque_nm,vibration_levels,operational_hours,failure_type,has_failure,delta_temperature,hours_group
1,M14860,M,298.1,308.6,1551,42.8,42.0,20.0,No Failure,0,10.5,0-50
2,L47181,L,298.2,308.7,1408,46.3,52.0,21.0,No Failure,0,10.5,0-50
3,L47182,L,298.1,308.5,1498,49.4,44.0,18.0,No Failure,0,10.399999999999977,0-50
4,L47183,L,298.2,308.6,1433,39.5,52.0,10.0,No Failure,0,10.400000000000034,0-50
5,L47184,L,298.2,308.7,1408,40.0,44.0,10.0,No Failure,0,10.5,0-50
6,M14865,M,298.1,308.6,1425,41.9,35.0,24.0,No Failure,0,10.5,0-50
7,L47186,L,298.1,308.6,1558,42.4,36.0,20.0,No Failure,0,10.5,0-50
8,L47187,L,298.1,308.6,1527,40.2,33.0,14.0,No Failure,0,10.5,0-50
9,M14868,M,298.3,308.7,1667,28.6,23.0,22.0,No Failure,0,10.399999999999977,0-50
10,M14869,M,298.5,309.0,1741,28.0,45.0,22.0,No Failure,0,10.5,0-50
11,H29424,H,298.4,308.9,1782,23.9,55.0,19.73,No Failure,0,10.5,0-50
12,H29425,H,298.6,309.1,1423,44.3,45.0,20.03,No Failure,0,10.5,0-50
13,M14872,M,298.6,309.1,1339,51.1,34.0,20.33,No Failure,0,10.5,0-50
14,M14873,M,298.6,309.2,1742,30.0,34.0,20.62,No Failure,0,10.599999999999966,0-50
15,L47194,L,298.6,309.2,2035,19.6,23.0,20.92,No Failure,0,10.599999999999966,0-50
16,L47195,L,298.6,309.2,1542,48.4,42.0,21.22,No Failure,0,10.599999999999966,0-50
17,M14876,M,298.6,309.2,1311,46.6,54.0,21.52,No Failure,0,10.599999999999966,0-50
18,M14877,M,298.7,309.2,1410,45.6,55.0,21.81,No Failure,0,10.5,0-50
19,H29432,H,298.8,309.2,1306,54.5,54.0,22.11,No Failure,0,10.399999999999977,0-50
20,M14879,M,298.9,309.3,1632,32.5,34.0,22.41,No Failure,0,10.400000000000034,0-50
21,H29434,H,298.9,309.3,1375,42.7,33.0,22.7,No Failure,0,10.400000000000034,0-50
22,L47201,L,298.8,309.3,1450,44.8,23.0,23.0,No Failure,0,10.5,0-50
23,M14882,M,298.9,309.3,1581,30.7,24.0,23.3,No Failure,0,10.400000000000034,0-50
24,L47203,L,299.0,309.4,1758,25.7,36.0,23.59,No Failure,0,10.399999999999977,0-50
25,M14884,M,299.0,309.4,1561,37.3,34.0,23.89,No Failure,0,10.399999999999977,0-50
26,L47205,L,299.0,309.5,1861,23.3,35.0,24.19,No Failure,0,10.5,0-50
27,L47206,L,299.1,309.5,1512,39.0,36.0,24.48,No Failure,0,10.399999999999977,0-50
28,H29441,H,299.1,309.4,1811,24.6,37.0,24.78,No Failure,0,10.299999999999955,0-50
29,L47208,L,299.1,309.4,1439,44.2,38.0,25.08,No Failure,0,10.299999999999955,0-50
30,L47209,L,299.0,309.4,1693,30.1,39.0,25.38,No Failure,0,10.399999999999977,0-50
31,M14890,M,299.1,309.5,1339,48.2,40.0,25.67,No Failure,0,10.399999999999977,0-50
32,L47211,L,299.0,309.4,1798,25.5,34.56129032,25.97,No Failure,0,10.399999999999977,0-50
33,L47212,L,299.0,309.4,1419,48.3,34.27983871,26.27,No Failure,0,10.399999999999977,0-50
34,L47213,L,298.9,309.3,1665,32.5,33.9983871,26.56,No Failure,0,10.400000000000034,0-50
35,M14894,M,298.8,309.1,1559,34.7,33.71693548,26.86,No Failure,0,10.300000000000011,0-50
36,M14895,M,298.8,309.2,1452,48.6,33.43548387,27.16,No Failure,0,10.399999999999977,0-50
37,M14896,M,298.9,309.2,1581,36.7,33.15403226,27.45,No Failure,0,10.300000000000011,0-50
38,L47217,L,298.8,309.1,1439,39.2,32.87258065,27.75,No Failure,0,10.300000000000011,0-50
39,H29452,H,298.9,309.2,1379,50.7,32.59112903,28.05,No Failure,0,10.300000000000011,0-50
40,L47219,L,298.8,309.1,1350,52.5,32.30967742,28.35,No Failure,0,10.300000000000011,0-50
41,L47220,L,298.8,309.1,1362,45.4,32.02822581,28.64,No Failure,0,10.300000000000011,0-50
42,L47221,L,298.8,309.1,1368,50.8,31.74677419,28.94,No Failure,0,10.300000000000011,0-50
43,M14902,M,298.8,309.1,1368,49.1,31.46532258,29.24,No Failure,0,10.300000000000011,0-50
44,H29457,H,298.8,309.2,1372,48.5,31.18387097,29.53,No Failure,0,10.399999999999977,0-50
45,M14904,M,298.8,309.1,1472,47.5,30.90241935,29.83,No Failure,0,10.300000000000011,0-50
46,L47225,L,298.8,309.1,1489,49.1,30.62096774,30.13,No Failure,0,10.300000000000011,0-50
47,M14906,M,298.7,309.0,1843,25.8,30.33951613,30.42,No Failure,0,10.300000000000011,0-50
48,L47227,L,298.8,309.1,1418,46.3,30.05806452,30.72,No Failure,0,10.300000000000011,0-50
49,H29462,H,298.8,309.2,1425,53.9,29.7766129,31.02,No Failure,0,10.399999999999977,0-50
50,M14909,M,298.9,309.2,1412,44.1,29.49516129,31.32,No Failure,0,10.300000000000011,0-50
51,L47230,L,298.9,309.1,2861,4.6,29.21370968,48.0,Power Failure,1,10.200000000000045,0-50
52,L47231,L,298.9,309.1,1383,54.9,28.93225806,24.0,No Failure,0,10.200000000000045,0-50
53,H29466,H,298.8,309.0,1497,43.8,28.65080645,20.0,No Failure,0,10.199999999999989,0-50
54,L47233,L,298.7,309.0,1565,35.1,28.36935484,22.0,No Failure,0,10.300000000000011,0-50
55,L47234,L,298.7,309.0,1691,30.1,28.08790323,14.0,No Failure,0,10.300000000000011,0-50
56,L47235,L,298.8,309.1,1512,40.7,27.80645161,15.0,No Failure,0,10.300000000000011,0-50
57,L47236,L,298.8,309.1,1477,42.4,27.525,58.0,No Failure,0,10.300000000000011,51-100
58,L47237,L,298.8,309.1,1513,40.3,27.24354839,22.0,No Failure,0,10.300000000000011,0-50
59,M14918,M,298.8,309.0,1661,29.5,26.96209677,36.0,No Failure,0,10.199999999999989,0-50
60,L47239,L,298.8,309.1,1378,54.4,26.68064516,14.0,No Failure,0,10.300000000000011,0-50
61,L47240,L,298.8,309.1,1393,52.6,26.39919355,21.0,No Failure,0,10.300000000000011,0-50
62,M14921,M,298.8,309.0,1592,38.2,26.11774194,26.87,No Failure,0,10.199999999999989,0-50
63,L47242,L,298.8,309.0,1829,22.9,25.83629032,27.28,No Failure,0,10.199999999999989,0-50
64,M14923,M,298.9,309.0,1812,25.9,25.55483871,27.69,No Failure,0,10.100000000000023,0-50
65,L47244,L,299.0,309.1,1523,38.6,25.2733871,28.1,No Failure,0,10.100000000000023,0-50
66,L47245,L,299.0,309.1,1394,45.1,24.99193548,28.52,No Failure,0,10.100000000000023,0-50
67,M14926,M,298.9,308.9,1679,28.7,24.71048387,28.93,No Failure,0,10.0,0-50
68,H29481,H,298.8,308.9,1466,44.1,24.42903226,29.34,No Failure,0,10.099999999999966,0-50
69,L47248,L,298.8,308.9,1527,32.4,24.14758065,29.75,No Failure,0,10.099999999999966,0-50
70,L47249,L,298.9,309.0,1410,65.7,42.0,47.0,Power Failure,1,10.100000000000023,0-50
71,M14930,M,298.9,309.0,1924,22.6,52.0,30.58,No Failure,0,10.100000000000023,0-50
72,L47251,L,298.9,309.1,1452,45.5,44.0,30.99,No Failure,0,10.200000000000045,0-50
73,L47252,L,298.9,309.1,1369,44.4,52.0,31.4,No Failure,0,10.200000000000045,0-50
74,L47253,L,299.0,309.1,1592,35.0,44.0,55.0,Tool Wear Failure,1,10.100000000000023,51-100
75,L47254,L,298.9,309.0,1601,32.3,35.0,57.0,Tool Wear Failure,1,10.100000000000023,51-100
76,L47255,L,298.8,308.9,1379,46.7,36.0,84.0,Tool Wear Failure,1,10.099999999999966,51-100
77,L47256,L,298.8,308.9,1461,47.9,33.0,47.0,Tool Wear Failure,1,10.099999999999966,0-50
78,L47257,L,298.8,308.9,1455,41.3,23.0,56.0,Tool Wear Failure,1,10.099999999999966,51-100
79,L47258,L,298.8,308.9,1398,51.5,45.0,96.0,Tool Wear Failure,1,10.099999999999966,51-100
80,L47259,L,298.8,308.9,1402,37.9,55.0,55.0,Tool Wear Failure,1,10.099999999999966,51-100
81,H29494,H,298.8,308.8,1445,49.9,45.0,24.0,No Failure,0,10.0,0-50
82,L47261,L,298.9,308.9,1450,47.5,34.0,22.0,No Failure,0,10.0,0-50
83,L47262,L,298.9,308.9,1453,40.8,34.0,15.0,No Failure,0,10.0,0-50
84,L47263,L,299.0,309.0,1469,40.1,23.0,15.0,No Failure,0,10.0,0-50
85,L47264,L,298.9,308.9,1422,47.6,42.0,11.0,No Failure,0,10.0,0-50
86,M14945,M,299.0,309.0,1804,26.8,54.0,10.0,No Failure,0,10.0,0-50
87,H29500,H,299.0,309.0,1436,43.9,55.0,14.0,No Failure,0,10.0,0-50
88,L47267,L,299.0,309.0,1544,31.8,54.0,25.0,No Failure,0,10.0,0-50
89,M14948,M,299.0,309.0,1419,45.2,34.0,22.0,No Failure,0,10.0,0-50
90,M14949,M,298.9,308.9,1487,39.5,33.0,27.0,No Failure,0,10.0,0-50
91,L47270,L,298.9,308.9,1753,25.8,23.0,19.0,No Failure,0,10.0,0-50
92,L47271,L,298.9,308.9,1830,24.9,24.0,20.67,No Failure,0,10.0,0-50
93,M14952,M,298.9,308.9,1727,27.1,36.0,21.03,No Failure,0,10.0,0-50
94,L47273,L,299.1,309.0,1450,43.0,34.0,21.38,No Failure,0,9.899999999999977,0-50
95,L47274,L,299.0,308.9,1622,31.9,35.0,21.74,No Failure,0,9.899999999999977,0-50
96,M14955,M,299.0,309.0,1351,52.2,36.0,22.09,No Failure,0,10.0,0-50
97,M14956,M,299.0,309.0,1575,35.3,37.0,22.45,No Failure,0,10.0,0-50
98,M14957,M,298.9,308.9,1750,29.9,38.0,22.8,No Failure,0,10.0,0-50
99,L47278,L,298.9,308.8,1529,32.7,39.0,23.15,No Failure,0,9.900000000000034,0-50
100,L47279,L,298.8,308.8,1523,44.4,40.0,23.51,No Failure,0,10.0,0-50
101,L47280,L,298.8,308.9,1852,25.0,42.0,23.86,No Failure,0,10.099999999999966,0-50
102,L47281,L,298.8,308.8,1991,20.7,52.0,24.22,No Failure,0,10.0,0-50
103,L47282,L,298.8,308.8,1555,40.6,44.0,24.57,No Failure,0,10.0,0-50
104,M14963,M,298.8,308.8,1441,40.5,52.0,24.93,No Failure,0,10.0,0-50
105,L47284,L,298.8,308.7,1450,43.4,44.0,25.28,No Failure,0,9.899999999999977,0-50
106,L47285,L,298.8,308.7,1591,31.1,35.0,25.64,No Failure,0,9.899999999999977,0-50
107,L47286,L,298.8,308.7,1445,48.5,36.0,25.99,No Failure,0,9.899999999999977,0-50
108,M14967,M,298.8,308.8,1497,46.8,33.0,26.35,No Failure,0,10.0,0-50
109,H29522,H,298.9,308.8,1621,32.7,23.0,26.7,No Failure,0,9.900000000000034,0-50
110,L47289,L,298.9,308.7,1572,34.1,45.0,27.05,No Failure,0,9.800000000000011,0-50
111,L47290,L,298.8,308.6,1872,22.5,55.0,27.41,No Failure,0,9.800000000000011,0-50
112,H29525,H,298.7,308.6,1499,43.5,45.0,27.76,No Failure,0,9.900000000000034,0-50
113,M14972,M,298.8,308.7,1498,39.5,34.0,28.12,No Failure,0,9.899999999999977,0-50
114,M14973,M,298.8,308.6,1486,41.9,34.0,28.47,No Failure,0,9.800000000000011,0-50
115,L47294,L,298.8,308.6,1680,29.4,23.0,28.83,No Failure,0,9.800000000000011,0-50
116,L47295,L,298.8,308.6,1431,45.7,42.0,29.18,No Failure,0,9.800000000000011,0-50
117,L47296,L,298.9,308.7,1564,34.1,54.0,29.54,No Failure,0,9.800000000000011,0-50
118,L47297,L,298.8,308.6,1599,33.0,55.0,29.89,No Failure,0,9.800000000000011,0-50
119,M14978,M,298.8,308.6,1707,28.1,54.0,30.25,No Failure,0,9.800000000000011,0-50
120,L47299,L,298.7,308.5,1467,40.7,34.0,30.6,No Failure,0,9.800000000000011,0-50
121,L47300,L,298.9,308.7,1433,44.7,33.0,30.95,No Failure,0,9.800000000000011,0-50
122,L47301,L,298.9,308.7,1558,41.2,23.0,31.31,No Failure,0,9.800000000000011,0-50
123,L47302,L,299.0,308.8,1310,50.7,24.0,31.66,No Failure,0,9.800000000000011,0-50
124,L47303,L,298.9,308.7,1546,43.4,36.0,32.02,No Failure,0,9.800000000000011,0-50
125,L47304,L,298.9,308.7,1727,29.4,34.0,32.37,No Failure,0,9.800000000000011,0-50
126,L47305,L,298.9,308.6,1560,32.2,35.0,32.73,No Failure,0,9.700000000000045,0-50
127,L47306,L,299.0,308.6,1329,60.5,36.0,33.08,No Failure,0,9.600000000000023,0-50
128,L47307,L,298.9,308.6,1413,46.5,37.0,33.44,No Failure,0,9.700000000000045,0-50
129,L47308,L,299.0,308.6,1587,38.6,38.0,33.79,No Failure,0,9.600000000000023,0-50
130,L47309,L,298.9,308.5,1559,34.3,39.0,34.15,No Failure,0,9.600000000000023,0-50
131,L47310,L,298.8,308.4,1473,41.1,40.0,34.5,No Failure,0,9.599999999999966,0-50
132,L47311,L,298.8,308.4,1737,27.7,42.0,34.85,No Failure,0,9.599999999999966,0-50
133,M14992,M,298.7,308.4,1441,43.2,52.0,35.21,No Failure,0,9.699999999999989,0-50
134,M14993,M,298.7,308.4,1430,49.6,44.0,35.56,No Failure,0,9.699999999999989,0-50
135,L47314,L,298.8,308.4,1369,53.0,52.0,35.92,No Failure,0,9.599999999999966,0-50
136,M14995,M,298.8,308.5,1711,28.5,44.0,36.27,No Failure,0,9.699999999999989,0-50
137,H29550,H,298.7,308.5,1420,45.7,35.0,36.63,No Failure,0,9.800000000000011,0-50
138,L47317,L,298.7,308.6,1297,55.3,36.0,36.98,No Failure,0,9.900000000000034,0-50
139,H29552,H,298.8,308.6,1449,49.4,33.0,37.34,No Failure,0,9.800000000000011,0-50
140,L47319,L,298.8,308.6,1268,55.8,23.0,37.69,No Failure,0,9.800000000000011,0-50
141,L47320,L,298.8,308.6,1511,36.1,45.0,38.05,No Failure,0,9.800000000000011,0-50
142,L47321,L,298.7,308.5,1544,35.2,55.0,38.4,No Failure,0,9.800000000000011,0-50
143,M15002,M,298.6,308.4,1778,28.2,45.0,38.75,No Failure,0,9.799999999999955,0-50
144,H29557,H,298.6,308.4,1407,50.5,34.0,39.11,No Failure,0,9.799999999999955,0-50
145,M15004,M,298.6,308.4,1391,42.4,34.0,39.46,No Failure,0,9.799999999999955,0-50
146,L47325,L,298.5,308.4,1513,33.6,23.0,39.82,No Failure,0,9.899999999999977,0-50
147,H29560,H,298.5,308.4,1612,36.1,42.0,40.17,No Failure,0,9.899999999999977,0-50
148,L47327,L,298.4,308.4,1515,40.1,54.0,40.53,No Failure,0,10.0,0-50
149,M15008,M,298.3,308.3,1379,48.0,55.0,40.88,No Failure,0,10.0,0-50
150,L47329,L,298.4,308.3,1473,39.9,54.0,41.24,No Failure,0,9.900000000000034,0-50
151,L47330,L,298.4,308.3,1422,42.7,34.0,41.59,No Failure,0,9.900000000000034,0-50
152,M15011,M,298.4,308.2,1463,37.6,33.0,41.95,No Failure,0,9.800000000000011,0-50
153,M15012,M,298.4,308.2,1584,41.0,23.0,42.3,No Failure,0,9.800000000000011,0-50
154,L47333,L,298.4,308.2,1850,27.0,24.0,42.65,No Failure,0,9.800000000000011,0-50
155,L47334,L,298.4,308.2,1528,36.2,36.0,43.01,No Failure,0,9.800000000000011,0-50
156,H29569,H,298.4,308.2,1987,19.8,34.0,43.36,No Failure,0,9.800000000000011,0-50
157,M15016,M,298.4,308.1,1495,46.0,35.0,43.72,No Failure,0,9.700000000000045,0-50
158,H29571,H,298.4,308.2,1478,43.5,36.0,44.07,No Failure,0,9.800000000000011,0-50
159,M15018,M,298.4,308.2,1499,40.0,37.0,44.43,No Failure,0,9.800000000000011,0-50
160,L47339,L,298.4,308.2,1471,47.0,38.0,44.78,No Failure,0,9.800000000000011,0-50
161,L47340,L,298.4,308.2,1282,60.7,39.0,45.14,Overstrain Failure,1,9.800000000000011,0-50
162,L47341,L,298.3,308.1,1412,52.3,40.0,45.49,Overstrain Failure,1,9.800000000000011,0-50
163,L47342,L,298.3,308.1,1586,35.5,42.0,45.85,No Failure,0,9.800000000000011,0-50
164,M15023,M,298.4,308.2,1468,43.8,52.0,46.2,No Failure,0,9.800000000000011,0-50
165,M15024,M,298.5,308.3,1440,43.6,44.0,46.55,No Failure,0,9.800000000000011,0-50
166,L47345,L,298.5,308.4,1733,26.0,52.0,46.91,No Failure,0,9.899999999999977,0-50
167,H29580,H,298.4,308.2,1612,32.6,44.0,47.26,No Failure,0,9.800000000000011,0-50
168,H29581,H,298.4,308.3,1458,42.9,35.0,47.62,No Failure,0,9.900000000000034,0-50
169,L47348,L,298.4,308.3,1433,62.3,36.0,47.97,Power Failure,1,9.900000000000034,0-50
170,L47349,L,298.4,308.3,1318,59.1,33.0,48.33,No Failure,0,9.900000000000034,0-50
171,M15030,M,298.4,308.2,1610,35.0,23.0,48.68,No Failure,0,9.800000000000011,0-50
172,L47351,L,298.2,308.1,1462,50.8,45.0,49.04,Tool Wear Failure,1,9.900000000000034,0-50
173,M15032,M,298.1,308.0,1924,20.8,55.0,49.39,Tool Wear Failure,1,9.899999999999977,0-50
174,M15033,M,298.2,308.0,1591,33.7,45.0,49.75,Tool Wear Failure,1,9.800000000000011,0-50
175,L47354,L,298.2,308.1,1306,58.3,34.0,50.1,No Failure,0,9.900000000000034,51-100
176,L47355,L,298.2,308.1,1382,43.5,34.0,50.45,No Failure,0,9.900000000000034,51-100
177,L47356,L,298.2,308.1,1618,34.7,23.0,50.81,No Failure,0,9.900000000000034,51-100
178,L47357,L,298.2,308.2,1988,21.4,42.0,51.16,No Failure,0,10.0,51-100
179,L47358,L,298.2,308.2,1436,50.2,54.0,51.52,No Failure,0,10.0,51-100
180,L47359,L,298.2,308.3,1304,49.8,55.0,51.87,No Failure,0,10.100000000000023,51-100
181,L47360,L,298.2,308.3,1475,49.9,54.0,52.23,No Failure,0,10.100000000000023,51-100
182,H29595,H,298.2,308.3,1824,24.2,34.0,52.58,No Failure,0,10.100000000000023,51-100
183,M15042,M,298.1,308.2,1342,48.1,33.0,52.94,No Failure,0,10.099999999999966,51-100
184,L47363,L,298.1,308.2,1485,40.7,23.0,53.29,No Failure,0,10.099999999999966,51-100
185,L47364,L,298.2,308.2,1667,30.6,24.0,53.65,No Failure,0,10.0,51-100
186,L47365,L,298.2,308.2,1446,38.2,36.0,54.0,No Failure,0,10.0,51-100
187,L47366,L,298.1,308.3,1301,56.0,34.0,54.35,No Failure,0,10.199999999999989,51-100
188,L47367,L,298.2,308.4,1379,43.1,35.0,54.71,No Failure,0,10.199999999999989,51-100
189,L47368,L,298.3,308.5,1606,33.6,36.0,55.06,No Failure,0,10.199999999999989,51-100
190,M15049,M,298.3,308.4,1539,43.4,37.0,55.42,No Failure,0,10.099999999999966,51-100
191,L47370,L,298.2,308.4,1477,49.9,38.0,55.77,No Failure,0,10.199999999999989,51-100
192,L47371,L,298.2,308.4,1666,34.6,39.0,56.13,No Failure,0,10.199999999999989,51-100
193,H29606,H,298.2,308.4,1398,51.8,40.0,56.48,No Failure,0,10.199999999999989,51-100
194,H29607,H,298.2,308.4,1678,34.6,42.0,56.84,No Failure,0,10.199999999999989,51-100
195,M15054,M,298.2,308.5,2678,10.7,52.0,57.19,No Failure,0,10.300000000000011,51-100
196,L47375,L,298.3,308.5,1453,42.9,44.0,57.55,No Failure,0,10.199999999999989,51-100
197,H29610,H,298.3,308.6,1432,49.5,52.0,57.9,No Failure,0,10.300000000000011,51-100
198,M15057,M,298.4,308.6,1527,40.9,44.0,58.25,No Failure,0,10.200000000000045,51-100
199,L47378,L,298.4,308.7,1588,35.0,35.0,58.61,No Failure,0,10.300000000000011,51-100
200,L47379,L,298.4,308.6,1433,47.1,36.0,58.96,No Failure,0,10.200000000000045,51-100
201,L47380,L,298.4,308.6,1609,35.0,33.0,59.32,No Failure,0,10.200000000000045,51-100
202,L47381,L,298.3,308.5,1575,41.2,23.0,59.67,No Failure,0,10.199999999999989,51-100
203,M15062,M,298.4,308.5,1636,35.7,45.0,60.03,No Failure,0,10.100000000000023,51-100
204,L47383,L,298.4,308.5,1490,37.9,55.0,60.38,No Failure,0,10.100000000000023,51-100
205,L47384,L,298.4,308.5,1741,32.8,45.0,60.74,No Failure,0,10.100000000000023,51-100
206,M15065,M,298.5,308.6,1344,53.0,34.0,61.09,No Failure,0,10.100000000000023,51-100
207,L47386,L,298.5,308.7,1609,35.3,34.0,61.45,No Failure,0,10.199999999999989,51-100
208,M15067,M,298.4,308.7,1421,60.7,23.0,61.8,No Failure,0,10.300000000000011,51-100
209,L47388,L,298.4,308.6,1591,36.7,42.0,62.15,No Failure,0,10.200000000000045,51-100
210,L47389,L,298.4,308.6,1477,44.0,54.0,62.51,No Failure,0,10.200000000000045,51-100
211,L47390,L,298.4,308.7,1523,36.1,55.0,62.86,No Failure,0,10.300000000000011,51-100
212,L47391,L,298.5,308.7,1575,33.9,54.0,63.22,No Failure,0,10.199999999999989,51-100
213,H29626,H,298.4,308.7,1344,52.9,34.0,63.57,No Failure,0,10.300000000000011,51-100
214,L47393,L,298.4,308.7,1386,44.9,33.0,63.93,No Failure,0,10.300000000000011,51-100
215,M15074,M,298.3,308.6,1589,37.1,23.0,64.28,No Failure,0,10.300000000000011,51-100
216,L47395,L,298.3,308.6,1548,40.3,24.0,64.64,No Failure,0,10.300000000000011,51-100
217,L47396,L,298.3,308.6,1499,38.3,36.0,64.99,No Failure,0,10.300000000000011,51-100
218,L47397,L,298.3,308.5,1664,31.6,34.0,65.35,No Failure,0,10.199999999999989,51-100
219,L47398,L,298.3,308.6,1447,38.1,35.0,65.7,No Failure,0,10.300000000000011,51-100
220,M15079,M,298.3,308.5,1434,46.2,36.0,66.05,No Failure,0,10.199999999999989,51-100
221,L47400,L,298.3,308.5,1416,52.7,37.0,66.41,No Failure,0,10.199999999999989,51-100
222,H29635,H,298.4,308.5,1827,24.3,38.0,66.76,No Failure,0,10.100000000000023,51-100
223,L47402,L,298.4,308.6,1304,45.0,39.0,67.12,No Failure,0,10.200000000000045,51-100
224,L47403,L,298.4,308.6,1569,34.4,40.0,67.47,No Failure,0,10.200000000000045,51-100
225,L47404,L,298.3,308.6,1584,29.3,34.56129032,67.83,No Failure,0,10.300000000000011,51-100
226,L47405,L,298.3,308.5,1362,53.8,34.27983871,68.18,No Failure,0,10.199999999999989,51-100
227,L47406,L,298.3,308.4,1329,49.2,33.9983871,68.54,No Failure,0,10.099999999999966,51-100
228,L47407,L,298.3,308.5,1539,36.1,33.71693548,68.89,No Failure,0,10.199999999999989,51-100
229,M15088,M,298.3,308.5,1629,37.1,33.43548387,69.25,No Failure,0,10.199999999999989,51-100
230,L47409,L,298.3,308.5,1538,32.2,33.15403226,69.6,No Failure,0,10.199999999999989,51-100
231,L47410,L,298.3,308.6,1570,34.8,32.87258065,69.95,No Failure,0,10.300000000000011,51-100
232,L47411,L,298.3,308.4,1408,43.1,32.59112903,70.31,No Failure,0,10.099999999999966,51-100
233,L47412,L,298.2,308.4,1424,47.6,32.30967742,70.66,No Failure,0,10.199999999999989,51-100
234,L47413,L,298.2,308.4,1512,34.9,32.02822581,71.02,No Failure,0,10.199999999999989,51-100
235,L47414,L,298.2,308.4,1478,42.9,31.74677419,71.37,No Failure,0,10.199999999999989,51-100
236,M15095,M,298.1,308.3,1680,33.7,31.46532258,71.73,No Failure,0,10.199999999999989,51-100
237,L47416,L,298.1,308.3,1495,38.7,31.18387097,72.08,No Failure,0,10.199999999999989,51-100
238,M15097,M,298.0,308.1,1552,36.6,30.90241935,72.44,No Failure,0,10.100000000000023,51-100
239,L47418,L,297.9,308.1,1393,50.3,30.62096774,72.79,No Failure,0,10.200000000000045,51-100
240,L47419,L,298.0,308.2,1611,30.6,30.33951613,73.15,No Failure,0,10.199999999999989,51-100
241,M15100,M,298.0,308.1,1339,51.6,30.05806452,73.5,No Failure,0,10.100000000000023,51-100
242,L47421,L,298.0,308.1,1777,24.3,29.7766129,73.85,No Failure,0,10.100000000000023,51-100
243,L47422,L,298.0,308.2,1348,58.8,29.49516129,74.21,No Failure,0,10.199999999999989,51-100
244,L47423,L,298.0,308.2,1442,44.1,29.21370968,74.56,No Failure,0,10.199999999999989,51-100
245,M15104,M,298.0,308.2,1395,49.1,28.93225806,74.92,No Failure,0,10.199999999999989,51-100
246,M15105,M,297.9,308.1,1627,31.4,28.65080645,75.27,No Failure,0,10.200000000000045,51-100
247,L47426,L,297.9,308.1,1585,33.5,28.36935484,75.63,No Failure,0,10.200000000000045,51-100
248,L47427,L,298.0,308.2,1469,45.5,28.08790323,75.98,No Failure,0,10.199999999999989,51-100
249,L47428,L,298.0,308.3,1362,56.8,27.80645161,76.34,No Failure,0,10.300000000000011,51-100
250,L47429,L,298.0,308.3,1405,56.2,27.525,76.69,No Failure,0,10.300000000000011,51-100
251,L47430,L,298.0,308.3,1662,32.7,27.24354839,77.05,No Failure,0,10.300000000000011,51-100
252,M15111,M,298.0,308.2,1466,42.6,26.96209677,77.4,No Failure,0,10.199999999999989,51-100
253,L47432,L,298.0,308.2,1620,35.8,26.68064516,77.75,No Failure,0,10.199999999999989,51-100
254,L47433,L,298.0,308.2,1357,48.2,26.39919355,78.11,No Failure,0,10.199999999999989,51-100
255,L47434,L,298.0,308.2,1514,37.9,26.11774194,78.46,Overstrain Failure,1,10.199999999999989,51-100
256,L47435,L,298.0,308.2,1489,40.4,25.83629032,78.82,Overstrain Failure,1,10.199999999999989,51-100
257,L47436,L,298.1,308.3,1331,63.0,25.55483871,79.17,No Failure,0,10.199999999999989,51-100
258,L47437,L,298.0,308.0,1615,29.5,25.2733871,79.53,No Failure,0,10.0,51-100
259,L47438,L,298.1,308.2,1482,37.9,24.99193548,79.88,No Failure,0,10.099999999999966,51-100
260,M15119,M,298.1,308.2,1420,63.9,24.71048387,80.24,No Failure,0,10.099999999999966,51-100
261,M15120,M,298.2,308.3,1522,49.1,24.42903226,80.59,No Failure,0,10.100000000000023,51-100
262,L47441,L,298.1,308.2,1654,32.1,24.14758065,80.95,No Failure,0,10.099999999999966,51-100
263,M15122,M,298.1,308.2,1736,26.8,42.0,81.3,Power Failure,1,10.099999999999966,51-100
264,M15123,M,298.0,308.1,1587,32.3,52.0,81.65,No Failure,0,10.100000000000023,51-100
265,L47444,L,298.1,308.2,1390,47.5,44.0,82.01,No Failure,0,10.099999999999966,51-100
266,L47445,L,298.0,308.1,1454,37.1,52.0,82.36,Tool Wear Failure,1,10.100000000000023,51-100
267,H29680,H,298.0,308.1,1440,43.7,44.0,82.72,Tool Wear Failure,1,10.100000000000023,51-100
268,L47447,L,297.9,308.0,1954,21.1,35.0,83.07,Tool Wear Failure,1,10.100000000000023,51-100
269,H29682,H,297.9,308.0,1800,24.8,36.0,83.43,No Failure,0,10.100000000000023,51-100
270,L47449,L,298.0,308.0,1524,37.0,33.0,83.78,No Failure,0,10.0,51-100
271,H29684,H,298.0,308.0,1520,39.6,23.0,84.14,No Failure,0,10.0,51-100
272,M15131,M,298.1,308.1,1452,40.8,45.0,84.49,No Failure,0,10.0,51-100
273,L47452,L,298.1,308.1,1484,40.4,55.0,84.85,No Failure,0,10.0,51-100
274,L47453,L,298.1,308.0,1426,46.0,45.0,85.2,No Failure,0,9.899999999999977,51-100
275,L47454,L,298.1,308.0,1652,28.5,34.0,85.55,No Failure,0,9.899999999999977,51-100
276,L47455,L,298.0,308.0,1401,54.7,34.0,85.91,No Failure,0,10.0,51-100
277,M15136,M,298.0,307.9,1750,26.6,23.0,86.26,No Failure,0,9.899999999999977,51-100
278,H29691,H,298.0,308.0,1479,50.7,42.0,86.62,No Failure,0,10.0,51-100
279,M15138,M,298.0,308.0,1620,29.4,54.0,86.97,No Failure,0,10.0,51-100
280,L47459,L,298.0,308.1,1819,23.4,55.0,87.33,No Failure,0,10.100000000000023,51-100
281,M15140,M,298.1,308.1,1456,43.7,54.0,87.68,No Failure,0,10.0,51-100
282,L47461,L,298.1,308.0,1626,36.5,34.0,88.04,No Failure,0,9.899999999999977,51-100
283,M15142,M,298.1,308.1,1390,49.8,33.0,88.39,No Failure,0,10.0,51-100
284,L47463,L,298.2,308.2,1469,43.0,23.0,88.75,No Failure,0,10.0,51-100
285,L47464,L,298.2,308.3,2051,19.2,24.0,89.1,No Failure,0,10.100000000000023,51-100
286,L47465,L,298.2,308.3,1568,36.0,36.0,89.45,No Failure,0,10.100000000000023,51-100
287,L47466,L,298.2,308.3,1589,33.2,34.0,89.81,No Failure,0,10.100000000000023,51-100
288,L47467,L,298.2,308.3,1805,31.6,35.0,90.16,No Failure,0,10.100000000000023,51-100
289,H29702,H,298.2,308.4,1385,42.2,36.0,90.52,No Failure,0,10.199999999999989,51-100
290,L47469,L,298.1,308.4,1436,46.7,37.0,90.87,No Failure,0,10.299999999999955,51-100
291,L47470,L,298.1,308.4,1438,45.6,38.0,91.23,No Failure,0,10.299999999999955,51-100
292,L47471,L,298.0,308.3,1473,42.6,39.0,91.58,No Failure,0,10.300000000000011,51-100
293,L47472,L,298.1,308.4,1335,40.2,40.0,91.94,No Failure,0,10.299999999999955,51-100
294,H29707,H,298.1,308.5,1392,44.8,42.0,92.29,No Failure,0,10.399999999999977,51-100
295,M15154,M,298.1,308.5,1372,51.1,52.0,92.65,No Failure,0,10.399999999999977,51-100
296,M15155,M,298.1,308.6,1716,30.7,44.0,93.0,No Failure,0,10.5,51-100
297,L47476,L,298.0,308.5,1395,46.2,52.0,93.35,No Failure,0,10.5,51-100
298,L47477,L,298.0,308.5,1713,25.3,44.0,93.71,No Failure,0,10.5,51-100
299,H29712,H,297.9,308.5,2129,18.7,35.0,94.06,No Failure,0,10.600000000000023,51-100
300,M15159,M,297.8,308.3,1567,35.6,36.0,94.42,No Failure,0,10.5,51-100
301,L47480,L,297.8,308.4,1622,38.3,33.0,94.77,No Failure,0,10.599999999999966,51-100
302,L47481,L,297.7,308.4,1740,27.1,23.0,95.13,No Failure,0,10.699999999999989,51-100
303,H29716,H,297.8,308.4,1512,35.1,45.0,95.48,No Failure,0,10.599999999999966,51-100
304,M15163,M,297.8,308.4,1479,43.5,55.0,95.84,No Failure,0,10.599999999999966,51-100
305,L47484,L,297.8,308.4,1737,27.5,45.0,96.19,No Failure,0,10.599999999999966,51-100
306,L47485,L,297.8,308.4,2129,19.2,34.0,96.55,No Failure,0,10.599999999999966,51-100
307,L47486,L,297.8,308.4,1374,47.1,34.0,96.9,No Failure,0,10.599999999999966,51-100
308,M15167,M,297.8,308.4,1579,36.6,23.0,97.25,No Failure,0,10.599999999999966,51-100
309,L47488,L,297.9,308.5,1305,47.2,42.0,97.61,No Failure,0,10.600000000000023,51-100
310,M15169,M,297.9,308.5,1449,40.8,54.0,97.96,No Failure,0,10.600000000000023,51-100
311,H29724,H,298.0,308.6,1526,41.8,55.0,98.32,No Failure,0,10.600000000000023,51-100
312,M15171,M,298.0,308.6,1453,44.1,54.0,98.67,No Failure,0,10.600000000000023,51-100
313,L47492,L,297.9,308.6,1468,36.0,34.0,99.03,No Failure,0,10.700000000000045,51-100
314,L47493,L,298.0,308.6,1313,50.8,33.0,99.38,No Failure,0,10.600000000000023,51-100
315,M15174,M,297.9,308.5,1300,53.0,23.0,99.74,No Failure,0,10.600000000000023,51-100
316,L47495,L,297.9,308.4,1646,40.6,24.0,100.09,No Failure,0,10.5,101-150
317,L47496,L,297.8,308.4,1714,33.2,36.0,100.45,No Failure,0,10.599999999999966,101-150
318,L47497,L,297.8,308.4,1685,28.4,34.0,100.8,No Failure,0,10.599999999999966,101-150
319,L47498,L,297.8,308.4,1512,39.9,35.0,101.15,No Failure,0,10.599999999999966,101-150
320,L47499,L,297.8,308.4,1612,32.1,36.0,101.51,No Failure,0,10.599999999999966,101-150
321,H29734,H,297.8,308.4,1550,38.2,37.0,101.86,No Failure,0,10.599999999999966,101-150
322,L47501,L,297.8,308.4,1518,32.5,38.0,102.22,No Failure,0,10.599999999999966,101-150
323,L47502,L,297.8,308.5,1448,40.0,39.0,102.57,No Failure,0,10.699999999999989,101-150
324,L47503,L,297.8,308.5,1561,46.3,40.0,102.93,No Failure,0,10.699999999999989,101-150
325,M15184,M,297.8,308.5,1488,41.9,42.0,103.28,No Failure,0,10.699999999999989,101-150
326,L47505,L,297.8,308.5,1699,27.8,52.0,103.64,No Failure,0,10.699999999999989,101-150
327,L47506,L,297.7,308.5,1501,41.4,44.0,103.99,No Failure,0,10.800000000000011,101-150
328,L47507,L,297.7,308.5,1373,56.7,52.0,104.35,No Failure,0,10.800000000000011,101-150
329,H29742,H,297.6,308.4,1703,31.4,44.0,104.7,No Failure,0,10.799999999999955,101-150
330,H29743,H,297.7,308.5,1720,29.9,35.0,105.05,No Failure,0,10.800000000000011,101-150
331,M15190,M,297.6,308.4,1398,41.9,36.0,105.41,No Failure,0,10.799999999999955,101-150
332,M15191,M,297.6,308.4,1391,51.9,33.0,105.76,No Failure,0,10.799999999999955,101-150
333,M15192,M,297.6,308.3,1538,40.2,23.0,106.12,No Failure,0,10.699999999999989,101-150
334,L47513,L,297.5,308.2,1647,31.3,45.0,106.47,No Failure,0,10.699999999999989,101-150
335,M15194,M,297.5,308.1,1469,44.8,55.0,106.83,No Failure,0,10.600000000000023,101-150
336,L47515,L,297.4,308.1,1749,25.9,45.0,107.18,No Failure,0,10.700000000000045,101-150
337,M15196,M,297.6,308.2,1995,20.5,34.0,107.54,No Failure,0,10.599999999999966,101-150
338,L47517,L,297.6,308.3,1742,27.7,34.0,107.89,No Failure,0,10.699999999999989,101-150
339,L47518,L,297.5,308.2,1563,38.2,23.0,108.25,No Failure,0,10.699999999999989,101-150
340,M15199,M,297.5,308.2,1713,32.2,42.0,108.6,No Failure,0,10.699999999999989,101-150
341,L47520,L,297.4,308.1,1474,39.4,54.0,108.95,No Failure,0,10.700000000000045,101-150
342,M15201,M,297.4,308.2,1530,32.6,55.0,109.31,No Failure,0,10.800000000000011,101-150
343,L47522,L,297.4,308.2,1471,46.5,54.0,109.66,No Failure,0,10.800000000000011,101-150
344,L47523,L,297.5,308.3,1388,48.6,34.0,110.02,No Failure,0,10.800000000000011,101-150
345,M15204,M,297.5,308.2,2448,13.8,33.0,110.37,No Failure,0,10.699999999999989,101-150
346,L47525,L,297.5,308.3,1585,32.9,23.0,110.73,No Failure,0,10.800000000000011,101-150
347,M15206,M,297.5,308.3,1459,45.2,24.0,111.08,No Failure,0,10.800000000000011,101-150
348,L47527,L,297.5,308.3,1544,40.8,36.0,111.44,No Failure,0,10.800000000000011,101-150
349,L47528,L,297.6,308.3,1617,31.7,34.0,111.79,Overstrain Failure,1,10.699999999999989,101-150
350,L47529,L,297.6,308.3,1595,34.3,35.0,112.15,Overstrain Failure,1,10.699999999999989,101-150
351,H29764,H,297.6,308.3,1400,44.3,36.0,112.5,No Failure,0,10.699999999999989,101-150
352,M15211,M,297.6,308.4,1611,31.0,37.0,112.85,No Failure,0,10.799999999999955,101-150
353,M15212,M,297.6,308.4,1507,46.0,38.0,113.21,No Failure,0,10.799999999999955,101-150
354,H29767,H,297.5,308.3,1674,30.0,39.0,113.56,No Failure,0,10.800000000000011,101-150
355,L47534,L,297.6,308.3,1658,34.3,40.0,113.92,No Failure,0,10.699999999999989,101-150
356,L47535,L,297.6,308.3,1623,36.9,42.0,114.27,No Failure,0,10.699999999999989,101-150
357,M15216,M,297.6,308.4,1398,48.9,52.0,114.63,Power Failure,1,10.799999999999955,101-150
358,L47537,L,297.6,308.4,1517,34.2,44.0,114.98,No Failure,0,10.799999999999955,101-150
359,M15218,M,297.6,308.3,1467,36.7,52.0,115.34,No Failure,0,10.699999999999989,101-150
360,M15219,M,297.6,308.3,1567,34.6,44.0,115.69,Tool Wear Failure,1,10.699999999999989,101-150
361,M15220,M,297.5,308.3,1521,38.2,35.0,116.05,Tool Wear Failure,1,10.800000000000011,101-150
362,L47541,L,297.5,308.3,1596,36.8,36.0,116.4,Tool Wear Failure,1,10.800000000000011,101-150
363,H29776,H,297.6,308.3,1640,30.9,33.0,116.75,No Failure,0,10.699999999999989,101-150
364,L47543,L,297.6,308.3,1438,47.8,23.0,117.11,No Failure,0,10.699999999999989,101-150
365,L47544,L,297.6,308.4,1407,55.2,45.0,117.46,No Failure,0,10.799999999999955,101-150
366,L47545,L,297.6,308.4,1353,57.5,55.0,117.82,No Failure,0,10.799999999999955,101-150
367,M15226,M,297.6,308.5,1552,40.9,45.0,118.17,No Failure,0,10.899999999999977,101-150
368,M15227,M,297.6,308.4,1569,38.3,34.0,118.53,No Failure,0,10.799999999999955,101-150
369,L47548,L,297.5,308.4,1489,39.5,34.0,118.88,No Failure,0,10.899999999999977,101-150
370,H29783,H,297.5,308.4,1587,36.1,23.0,119.24,No Failure,0,10.899999999999977,101-150
371,M15230,M,297.5,308.3,1622,37.2,42.0,119.59,No Failure,0,10.800000000000011,101-150
372,L47551,L,297.5,308.4,1604,38.1,54.0,119.95,No Failure,0,10.899999999999977,101-150
373,M15232,M,297.4,308.3,1405,51.7,55.0,120.3,No Failure,0,10.900000000000034,101-150
374,L47553,L,297.4,308.3,1412,42.0,54.0,120.65,No Failure,0,10.900000000000034,101-150
375,L47554,L,297.4,308.3,1431,43.0,34.0,121.01,No Failure,0,10.900000000000034,101-150
376,L47555,L,297.4,308.2,1533,37.4,33.0,121.36,No Failure,0,10.800000000000011,101-150
377,M15236,M,297.4,308.2,1401,51.9,23.0,121.72,No Failure,0,10.800000000000011,101-150
378,M15237,M,297.4,308.2,1424,53.9,24.0,122.07,No Failure,0,10.800000000000011,101-150
379,L47558,L,297.3,308.2,1754,29.4,36.0,122.43,No Failure,0,10.899999999999977,101-150
380,L47559,L,297.3,308.2,1754,26.8,34.0,122.78,No Failure,0,10.899999999999977,101-150
381,L47560,L,297.5,308.3,2564,12.8,35.0,123.14,No Failure,0,10.800000000000011,101-150
382,L47561,L,297.5,308.5,1546,40.4,36.0,123.49,No Failure,0,11.0,101-150
383,L47562,L,297.5,308.5,1335,48.0,37.0,123.85,No Failure,0,11.0,101-150
384,M15243,M,297.5,308.6,1842,27.0,38.0,124.2,No Failure,0,11.100000000000023,101-150
385,L47564,L,297.5,308.5,1712,26.8,39.0,124.55,No Failure,0,11.0,101-150
386,M15245,M,297.6,308.6,1414,45.4,40.0,124.91,No Failure,0,11.0,101-150
387,L47566,L,297.6,308.7,1319,50.9,42.0,125.26,No Failure,0,11.099999999999966,101-150
388,L47567,L,297.7,308.7,1249,60.4,52.0,125.62,No Failure,0,11.0,101-150
389,L47568,L,297.6,308.7,1455,48.2,44.0,125.97,No Failure,0,11.099999999999966,101-150
390,M15249,M,297.6,308.7,1408,54.8,52.0,126.33,No Failure,0,11.099999999999966,101-150
391,L47570,L,297.6,308.7,1460,46.7,44.0,126.68,No Failure,0,11.099999999999966,101-150
392,L47571,L,297.6,308.6,1491,38.1,35.0,127.04,No Failure,0,11.0,101-150
393,M15252,M,297.6,308.5,1490,43.4,36.0,127.39,No Failure,0,10.899999999999977,101-150
394,M15253,M,297.5,308.4,1350,52.2,33.0,127.75,No Failure,0,10.899999999999977,101-150
395,L47574,L,297.5,308.4,1528,39.9,23.0,128.1,No Failure,0,10.899999999999977,101-150
396,L47575,L,297.4,308.3,1571,37.7,45.0,128.45,No Failure,0,10.900000000000034,101-150
397,L47576,L,297.4,308.3,1490,42.6,55.0,128.81,No Failure,0,10.900000000000034,101-150
398,M15257,M,297.4,308.3,1774,28.9,45.0,129.16,No Failure,0,10.900000000000034,101-150
399,H29812,H,297.4,308.3,1502,43.6,34.0,129.52,No Failure,0,10.900000000000034,101-150
400,L47579,L,297.4,308.4,1392,49.7,34.0,129.87,No Failure,0,11.0,101-150
401,L47580,L,297.4,308.5,2100,16.9,23.0,130.23,No Failure,0,11.100000000000023,101-150
402,L47581,L,297.5,308.5,1722,30.4,42.0,130.58,No Failure,0,11.0,101-150
403,L47582,L,297.4,308.6,1678,32.3,54.0,130.94,No Failure,0,11.200000000000045,101-150
404,L47583,L,297.3,308.6,1273,59.8,55.0,131.29,No Failure,0,11.300000000000011,101-150
405,L47584,L,297.3,308.6,1297,45.9,54.0,131.65,No Failure,0,11.300000000000011,101-150
406,L47585,L,297.3,308.5,1350,57.6,34.0,132.0,No Failure,0,11.199999999999989,101-150
407,L47586,L,297.4,308.6,1439,51.9,33.0,132.35,No Failure,0,11.200000000000045,101-150
408,M15267,M,297.4,308.5,1600,42.1,23.0,132.71,No Failure,0,11.100000000000023,101-150
409,M15268,M,297.4,308.6,1434,44.4,24.0,133.06,No Failure,0,11.200000000000045,101-150
410,L47589,L,297.4,308.6,1459,41.3,36.0,133.42,No Failure,0,11.200000000000045,101-150
411,M15270,M,297.5,308.6,1472,44.9,34.0,133.77,No Failure,0,11.100000000000023,101-150
412,L47591,L,297.5,308.7,1429,44.3,35.0,134.13,No Failure,0,11.199999999999989,101-150
413,L47592,L,297.5,308.6,1388,48.2,36.0,134.48,No Failure,0,11.100000000000023,101-150
414,L47593,L,297.4,308.4,1573,34.5,37.0,134.84,No Failure,0,11.0,101-150
415,L47594,L,297.4,308.4,1588,32.5,38.0,135.19,No Failure,0,11.0,101-150
416,L47595,L,297.5,308.4,1511,42.8,39.0,135.55,No Failure,0,10.899999999999977,101-150
417,L47596,L,297.4,308.5,1495,37.8,40.0,135.9,No Failure,0,11.100000000000023,101-150
418,L47597,L,297.4,308.4,1394,50.1,34.56129032,136.25,No Failure,0,11.0,101-150
419,L47598,L,297.4,308.4,2151,17.7,34.27983871,136.61,No Failure,0,11.0,101-150
420,M15279,M,297.3,308.3,1501,38.2,33.9983871,136.96,No Failure,0,11.0,101-150
421,M15280,M,297.3,308.3,1301,39.6,33.71693548,137.32,No Failure,0,11.0,101-150
422,M15281,M,297.3,308.3,1657,31.1,33.43548387,137.67,No Failure,0,11.0,101-150
423,L47602,L,297.3,308.3,1333,55.2,33.15403226,138.03,No Failure,0,11.0,101-150
424,L47603,L,297.3,308.3,1484,43.9,32.87258065,138.38,No Failure,0,11.0,101-150
425,L47604,L,297.3,308.4,1430,45.7,32.59112903,138.74,No Failure,0,11.099999999999966,101-150
426,M15285,M,297.3,308.4,1665,28.9,32.30967742,139.09,No Failure,0,11.099999999999966,101-150
427,L47606,L,297.4,308.5,1501,44.9,32.02822581,139.45,No Failure,0,11.100000000000023,101-150
428,M15287,M,297.5,308.5,1496,42.2,31.74677419,139.8,No Failure,0,11.0,101-150
429,M15288,M,297.6,308.6,1595,36.9,31.46532258,140.15,No Failure,0,11.0,101-150
430,L47609,L,297.5,308.6,1208,62.3,31.18387097,140.51,No Failure,0,11.100000000000023,101-150
431,L47610,L,297.5,308.6,1596,37.1,30.90241935,140.86,No Failure,0,11.100000000000023,101-150
432,L47611,L,297.5,308.5,1446,41.9,30.62096774,141.22,No Failure,0,11.0,101-150
433,M15292,M,297.6,308.5,1466,39.7,30.33951613,141.57,No Failure,0,10.899999999999977,101-150
434,M15293,M,297.6,308.5,1848,23.7,30.05806452,141.93,No Failure,0,10.899999999999977,101-150
435,M15294,M,297.5,308.5,1484,44.7,29.7766129,142.28,No Failure,0,11.0,101-150
436,L47615,L,297.4,308.3,1493,41.2,29.49516129,142.64,No Failure,0,10.900000000000034,101-150
437,L47616,L,297.3,308.3,1504,36.3,29.21370968,142.99,No Failure,0,11.0,101-150
438,L47617,L,297.3,308.3,1538,38.5,28.93225806,143.35,No Failure,0,11.0,101-150
439,L47618,L,297.4,308.4,1341,52.2,28.65080645,143.7,No Failure,0,11.0,101-150
440,M15299,M,297.4,308.3,1535,34.6,28.36935484,144.05,No Failure,0,10.900000000000034,101-150
441,L47620,L,297.4,308.5,1389,39.2,28.08790323,144.41,No Failure,0,11.100000000000023,101-150
442,H29855,H,297.5,308.5,1393,46.6,27.80645161,144.76,No Failure,0,11.0,101-150
443,L47622,L,297.4,308.5,1399,61.5,27.525,145.12,Overstrain Failure,1,11.100000000000023,101-150
444,H29857,H,297.4,308.5,1469,45.1,27.24354839,145.47,Overstrain Failure,1,11.100000000000023,101-150
445,L47624,L,297.4,308.4,1582,37.2,26.96209677,145.83,No Failure,0,11.0,101-150
446,L47625,L,297.5,308.6,1793,26.7,26.68064516,146.18,No Failure,0,11.100000000000023,101-150
447,L47626,L,297.5,308.6,1452,39.0,26.39919355,146.54,No Failure,0,11.100000000000023,101-150
448,M15307,M,297.6,308.7,1376,59.9,26.11774194,146.89,No Failure,0,11.099999999999966,101-150
449,L47628,L,297.5,308.6,1552,44.9,25.83629032,147.25,No Failure,0,11.100000000000023,101-150
450,L47629,L,297.6,308.7,1622,37.9,25.55483871,147.6,No Failure,0,11.099999999999966,101-150
451,M15310,M,297.6,308.7,1419,41.7,25.2733871,147.95,Power Failure,1,11.099999999999966,101-150
452,H29865,H,297.5,308.6,1440,46.1,24.99193548,148.31,No Failure,0,11.100000000000023,101-150
453,M15312,M,297.4,308.6,1643,31.0,24.71048387,148.66,No Failure,0,11.200000000000045,101-150
454,L47633,L,297.4,308.7,1510,36.2,24.42903226,149.02,Tool Wear Failure,1,11.300000000000011,101-150
455,L47634,L,297.4,308.7,1468,46.6,24.14758065,149.37,Tool Wear Failure,1,11.300000000000011,101-150
456,L47635,L,297.4,308.7,1429,57.4,42.0,149.73,Tool Wear Failure,1,11.300000000000011,101-150
457,H29870,H,297.3,308.7,1478,47.6,52.0,150.08,No Failure,0,11.399999999999977,151-200
458,L47637,L,297.4,308.6,1276,53.6,44.0,150.44,No Failure,0,11.200000000000045,151-200
459,L47638,L,297.3,308.6,1486,42.6,52.0,150.79,No Failure,0,11.300000000000011,151-200
460,L47639,L,297.4,308.6,1476,42.3,44.0,151.15,No Failure,0,11.200000000000045,151-200
461,H29874,H,297.3,308.6,1431,42.0,35.0,151.5,No Failure,0,11.300000000000011,151-200
462,L47641,L,297.4,308.7,1402,40.2,36.0,151.85,No Failure,0,11.300000000000011,151-200
463,L47642,L,297.4,308.7,1433,43.4,33.0,152.21,No Failure,0,11.300000000000011,151-200
464,L47643,L,297.4,308.7,2874,4.2,23.0,152.56,No Failure,0,11.300000000000011,151-200
465,L47644,L,297.3,308.6,1511,35.7,45.0,152.92,No Failure,0,11.300000000000011,151-200
466,M15325,M,297.3,308.6,1456,42.9,55.0,153.27,No Failure,0,11.300000000000011,151-200
467,L47646,L,297.2,308.5,1550,41.5,45.0,153.63,No Failure,0,11.300000000000011,151-200
468,L47647,L,297.2,308.5,2182,16.5,34.0,153.98,No Failure,0,11.300000000000011,151-200
469,L47648,L,297.3,308.7,1619,31.6,34.0,154.34,No Failure,0,11.399999999999977,151-200
470,M15329,M,297.3,308.8,1586,32.7,23.0,154.69,No Failure,0,11.5,151-200
471,H29884,H,297.3,308.8,1499,44.2,42.0,155.05,No Failure,0,11.5,151-200
472,H29885,H,297.3,308.8,1419,42.4,54.0,155.4,No Failure,0,11.5,151-200
473,M15332,M,297.4,309.0,1497,41.8,55.0,155.75,No Failure,0,11.600000000000023,151-200
474,M15333,M,297.4,309.0,1520,37.0,54.0,156.11,No Failure,0,11.600000000000023,151-200
475,L47654,L,297.4,309.1,1478,49.8,34.0,156.46,No Failure,0,11.700000000000045,151-200
476,L47655,L,297.4,309.1,1380,41.1,33.0,156.82,No Failure,0,11.700000000000045,151-200
477,L47656,L,297.4,309.0,1570,37.9,23.0,157.17,No Failure,0,11.600000000000023,151-200
478,H29891,H,297.4,309.0,1468,41.4,24.0,157.53,No Failure,0,11.600000000000023,151-200
479,L47658,L,297.4,309.0,1833,22.6,36.0,157.88,No Failure,0,11.600000000000023,151-200
480,M15339,M,297.4,308.9,1323,57.3,34.0,158.24,No Failure,0,11.5,151-200
481,L47660,L,297.4,309.0,1583,32.0,35.0,158.59,No Failure,0,11.600000000000023,151-200
482,M15341,M,297.3,309.0,1556,39.5,36.0,158.95,No Failure,0,11.699999999999989,151-200
483,L47662,L,297.3,309.0,1548,37.4,37.0,159.3,No Failure,0,11.699999999999989,151-200
484,L47663,L,297.4,309.0,1324,56.9,38.0,159.65,No Failure,0,11.600000000000023,151-200
485,L47664,L,297.4,309.0,1568,33.7,39.0,160.01,No Failure,0,11.600000000000023,151-200
486,M15345,M,297.4,309.0,1685,30.7,40.0,160.36,No Failure,0,11.600000000000023,151-200
487,M15346,M,297.4,309.1,1582,35.9,42.0,160.72,No Failure,0,11.700000000000045,151-200
488,M15347,M,297.4,309.1,1463,35.0,52.0,161.07,No Failure,0,11.700000000000045,151-200
489,L47668,L,297.4,309.2,1584,42.8,44.0,161.43,No Failure,0,11.800000000000011,151-200
490,M15349,M,297.5,309.2,1347,55.8,52.0,161.78,No Failure,0,11.699999999999989,151-200
491,L47670,L,297.4,309.2,1459,37.9,44.0,162.14,No Failure,0,11.800000000000011,151-200
492,L47671,L,297.4,309.2,1420,45.6,35.0,162.49,No Failure,0,11.800000000000011,151-200
493,L47672,L,297.5,309.3,1404,43.5,36.0,162.85,No Failure,0,11.800000000000011,151-200
494,L47673,L,297.5,309.3,1470,38.8,33.0,163.2,No Failure,0,11.800000000000011,151-200
495,L47674,L,297.6,309.4,1326,49.8,23.0,163.55,No Failure,0,11.799999999999955,151-200
496,H29909,H,297.5,309.3,1459,49.7,45.0,163.91,No Failure,0,11.800000000000011,151-200
497,M15356,M,297.5,309.2,1530,40.0,55.0,164.26,No Failure,0,11.699999999999989,151-200
498,L47677,L,297.4,309.0,1505,39.2,45.0,164.62,No Failure,0,11.600000000000023,151-200
499,L47678,L,297.5,309.1,1611,30.2,34.0,164.97,No Failure,0,11.600000000000023,151-200
500,L47679,L,297.5,309.1,1515,35.1,34.0,165.33,No Failure,0,11.600000000000023,151-200
